True_Labels,Cluster_Labels
6,7
0,6
46,1
0,5
21,10
21,14
0,1
21,6
17,8
6,9
71,4
0,4
21,0
0,11
21,1
21,0
21,8
21,10
21,13
23,8
21,8
21,7
0,7
36,4
21,10
45,13
0,4
21,6
0,13
21,7
21,12
21,12
0,11
21,9
13,7
21,13
0,2
0,0
21,9
21,10
21,13
0,7
0,14
21,12
19,2
21,3
0,6
46,3
34,14
17,10
19,14
21,7
21,10
0,11
0,1
21,12
21,13
21,5
34,7
21,14
21,13
21,7
21,7
21,3
0,6
21,5
46,14
21,8
9,1
0,12
21,5
0,7
66,13
21,4
21,12
21,0
21,12
21,8
21,14
21,9
21,4
12,7
6,10
4,6
0,11
0,9
21,0
21,1
24,4
45,10
0,12
21,5
0,2
21,7
65,8
46,6
46,6
46,1
34,13
0,2
21,3
21,12
21,12
21,13
0,3
21,10
0,2
12,5
21,6
21,5
2,11
46,11
46,0
46,11
21,5
21,3
46,4
21,9
21,11
21,2
0,13
45,12
17,10
21,7
21,12
46,10
0,14
17,5
21,3
21,2
21,8
70,9
21,1
0,2
25,0
21,9
25,10
0,5
0,3
70,3
21,10
0,0
21,5
21,4
17,9
41,8
35,1
21,6
21,11
21,6
21,8
0,12
21,2
21,4
21,14
21,6
21,7
34,8
21,2
21,7
70,8
1,2
9,2
15,14
15,9
58,9
19,8
70,14
70,7
9,3
21,3
36,9
34,11
21,6
21,0
21,1
35,7
21,4
35,7
24,13
0,3
21,8
21,5
3,4
3,9
3,11
66,7
46,10
9,9
5,9
61,14
26,13
66,13
19,10
0,8
0,2
0,6
35,13
36,7
21,12
12,3
0,0
45,7
1,10
19,9
1,4
21,12
21,13
57,7
69,11
4,7
0,12
19,7
21,7
12,6
24,4
3,12
21,2
18,2
70,4
0,10
21,10
31,7
70,9
45,6
70,6
45,4
19,4
45,5
45,2
31,7
0,13
3,8
19,9
66,3
45,11
19,11
0,4
3,2
4,0
70,1
3,12
15,0
21,2
19,5
15,7
15,2
21,8
61,2
0,2
21,11
61,10
21,2
61,14
17,8
34,6
21,3
0,2
13,9
38,2
21,0
21,6
6,6
0,9
9,5
21,0
21,8
0,6
45,7
45,11
0,13
0,5
21,3
0,4
21,7
21,12
21,2
0,8
0,3
21,3
21,1
21,4
21,13
0,1
26,14
21,7
0,1
21,2
6,8
17,4
0,12
0,1
70,7
0,9
21,2
0,5
34,3
0,10
21,12
21,4
6,4
21,12
0,6
19,9
21,7
21,12
25,7
12,6
12,9
24,6
6,4
26,9
21,6
21,1
66,9
3,4
21,4
34,8
6,6
6,8
0,5
21,6
21,13
0,9
12,14
61,2
35,11
47,13
21,7
0,10
21,12
70,4
24,2
21,6
21,12
21,6
13,14
21,7
17,9
0,8
21,11
21,14
34,2
25,9
21,1
21,0
0,1
15,3
0,3
21,2
61,2
21,4
0,12
21,5
21,7
21,8
15,11
26,13
26,2
21,8
0,9
24,0
53,2
0,12
6,2
0,14
6,9
0,12
17,7
21,3
50,6
46,1
1,7
46,4
0,12
21,14
21,7
21,5
26,11
21,10
21,3
32,2
32,2
45,11
70,5
21,7
21,13
21,9
21,8
6,1
60,3
4,11
19,2
45,4
6,11
17,2
17,0
45,4
70,10
70,6
17,0
21,10
17,6
45,13
58,3
45,12
45,3
9,4
17,10
70,14
26,10
21,0
21,5
21,0
19,6
19,0
19,8
19,10
19,12
19,14
19,3
19,11
21,7
19,12
45,8
25,7
70,10
17,7
2,0
0,12
0,11
48,2
19,10
24,7
19,6
9,7
19,8
21,4
66,5
21,9
19,11
26,0
0,0
17,9
0,14
70,4
19,0
21,2
21,1
12,1
21,2
21,8
45,1
50,7
46,7
1,6
21,6
45,1
7,8
0,0
21,9
61,13
20,13
25,12
7,1
0,10
15,8
60,0
19,8
45,8
19,8
46,6
21,0
0,9
6,8
21,4
0,7
46,4
61,2
45,12
17,5
19,14
9,3
46,4
45,12
45,0
46,10
50,9
0,5
6,1
19,3
19,5
70,7
0,9
19,11
73,8
19,8
45,7
45,10
45,4
70,0
34,13
45,2
70,12
19,12
0,13
0,8
0,13
0,2
35,11
21,3
0,10
45,7
17,3
21,6
21,8
61,1
45,2
21,9
45,13
45,10
45,2
25,4
0,10
0,2
21,8
25,8
21,4
70,9
21,11
24,6
26,8
0,8
21,3
21,11
0,4
21,1
21,6
21,11
21,1
0,11
0,8
17,5
21,12
0,13
0,7
9,10
21,7
21,1
21,1
21,3
30,11
45,1
22,3
45,3
0,6
25,11
21,1
21,11
0,6
0,2
17,0
0,14
9,1
21,3
21,1
45,13
12,0
0,10
21,7
21,10
53,14
0,8
21,12
0,2
21,11
21,11
0,11
21,4
0,10
46,7
21,4
0,7
9,0
71,14
21,12
70,1
21,10
0,7
0,5
21,12
45,4
21,4
0,2
21,7
21,3
21,9
21,13
21,4
21,6
21,1
0,1
49,9
26,7
0,3
21,11
21,2
21,5
17,14
0,14
12,5
9,4
21,13
0,8
0,8
0,8
21,2
21,1
21,4
0,9
0,9
21,7
21,6
21,4
0,10
21,14
21,0
0,11
0,11
0,14
0,9
0,8
0,4
0,13
21,14
21,9
0,13
3,2
45,11
0,7
17,7
21,6
12,7
21,6
21,13
21,5
24,2
17,2
21,14
21,4
0,11
0,13
36,9
21,7
21,1
21,7
21,3
36,3
0,14
26,6
0,0
66,3
21,11
21,9
0,12
21,8
21,11
0,10
50,3
0,2
21,14
21,12
45,3
21,5
0,9
13,12
26,7
0,6
22,3
51,7
0,0
70,13
0,11
21,11
24,7
12,8
0,2
21,8
0,0
21,12
21,0
12,4
47,2
0,1
21,3
46,13
4,12
17,3
0,3
0,1
45,2
36,4
21,8
21,10
36,14
21,1
21,5
21,7
21,0
0,13
21,11
17,14
26,10
34,13
19,12
36,14
21,8
1,7
0,1
3,1
21,7
21,6
0,14
0,13
19,7
0,3
3,7
0,8
0,8
0,6
21,1
17,9
21,9
21,14
21,13
21,8
38,0
38,13
0,4
19,0
19,1
19,5
66,14
21,10
21,9
31,2
21,6
66,0
70,13
70,7
0,8
36,7
0,2
21,8
9,4
3,7
73,3
24,13
0,12
45,4
21,4
15,8
70,6
34,12
34,8
0,13
0,3
45,13
21,13
2,4
45,9
0,1
21,6
19,0
0,10
26,1
21,7
21,7
21,5
70,6
6,13
70,12
21,6
45,11
70,8
0,7
66,2
17,4
21,11
50,7
45,14
0,8
0,1
34,1
0,2
21,2
21,1
0,6
21,13
34,2
21,6
34,8
61,6
0,14
0,1
19,12
0,14
45,3
0,0
41,7
70,13
41,2
34,5
9,9
0,4
12,9
21,13
61,3
21,8
1,6
0,4
38,4
21,11
4,13
0,13
21,6
45,1
21,10
21,10
45,12
0,8
70,12
0,8
24,1
0,1
0,14
45,11
0,6
21,5
21,1
21,4
21,0
21,8
21,14
21,5
21,1
12,7
34,0
70,4
2,9
21,1
21,6
45,10
0,8
24,10
66,1
21,7
21,13
21,5
21,10
21,13
21,4
6,11
26,6
0,12
0,4
0,9
21,4
17,11
70,10
21,7
24,0
70,9
21,9
21,12
0,5
34,4
0,6
21,4
21,14
1,1
9,7
0,11
0,7
21,7
0,12
35,4
21,2
26,1
21,5
70,0
61,3
0,1
66,11
17,2
70,4
12,5
0,1
21,0
21,5
0,6
70,11
26,2
21,14
0,1
17,4
0,5
23,2
21,11
21,6
26,1
21,2
45,12
21,7
70,1
17,7
34,9
21,3
34,3
26,14
21,13
21,1
21,2
45,13
0,13
21,1
21,10
12,11
71,6
21,12
0,4
21,3
17,14
26,9
70,9
45,2
0,8
45,2
21,7
21,5
17,4
6,4
70,4
70,3
6,3
0,3
0,4
47,2
0,2
0,9
15,8
21,11
21,14
21,8
0,0
21,9
21,4
10,9
21,7
0,5
70,0
0,0
21,14
17,14
0,13
21,10
70,7
21,10
70,6
21,5
21,1
21,2
21,7
0,10
0,7
21,3
13,9
0,5
50,3
21,14
0,2
0,8
43,10
21,7
0,12
0,3
0,11
0,11
21,0
21,14
0,2
26,2
0,7
34,6
21,8
50,5
21,4
4,4
70,7
41,6
21,9
0,9
45,0
0,1
70,6
70,3
70,4
17,7
36,2
0,4
21,0
21,10
21,9
21,9
21,8
21,0
21,0
21,12
21,4
21,0
70,8
21,13
21,3
0,9
35,9
70,3
0,1
61,13
21,4
0,12
0,5
0,14
0,6
21,13
0,1
12,1
26,12
13,7
26,10
66,5
12,2
21,1
21,10
0,6
21,4
21,10
0,7
53,11
25,4
21,2
21,7
21,8
17,13
21,10
70,2
21,2
21,14
21,14
25,13
17,8
0,1
13,1
21,11
21,7
26,13
21,13
26,12
0,5
70,1
34,8
0,14
21,10
21,2
31,7
21,12
21,3
21,10
21,7
13,0
21,11
0,2
21,0
21,11
21,5
21,7
21,12
21,10
21,1
21,5
26,9
21,0
21,11
17,7
21,1
21,10
21,12
21,4
21,6
36,1
0,8
21,5
21,2
21,3
21,4
34,9
21,13
21,9
0,4
17,6
21,10
21,4
21,4
21,11
21,7
12,0
21,8
21,14
17,3
21,11
45,14
21,12
0,1
12,6
58,9
0,0
0,12
34,0
0,3
21,9
0,3
21,13
45,3
21,13
0,7
21,7
21,11
21,9
0,10
0,6
19,6
46,7
1,9
26,0
12,9
21,11
70,8
19,3
21,7
19,6
60,11
24,13
50,13
21,13
19,4
21,4
24,10
0,4
0,6
0,4
45,13
24,2
45,0
69,5
21,8
0,1
21,0
6,4
0,7
36,0
26,9
0,0
34,10
21,14
34,12
0,4
0,8
0,1
66,9
0,14
25,11
34,13
45,12
0,0
26,3
7,2
0,14
25,12
10,5
26,13
0,4
6,7
19,1
0,1
34,1
26,0
21,14
25,10
0,13
21,6
21,2
34,7
21,9
0,5
34,1
26,3
0,0
45,14
9,11
0,4
0,11
0,4
0,12
0,1
21,11
21,14
21,10
21,3
23,10
3,13
21,3
21,12
2,12
26,11
0,11
0,2
0,8
66,0
15,12
0,0
21,1
21,1
34,5
34,2
21,5
0,9
34,0
21,8
0,0
21,14
0,4
26,0
34,8
30,14
0,5
0,2
21,12
21,8
0,10
0,14
21,7
21,12
21,12
71,9
21,5
34,13
40,11
12,7
45,13
12,6
34,4
34,12
19,3
10,10
45,1
21,9
9,8
71,9
0,12
42,3
40,4
34,13
42,8
0,5
12,1
21,1
21,7
0,7
70,4
13,13
19,0
21,8
21,1
21,11
21,0
21,2
21,12
0,2
0,4
21,11
50,9
34,4
21,10
21,12
21,12
0,6
0,0
0,12
0,4
21,14
21,1
12,4
66,3
21,8
0,10
9,14
26,12
70,7
34,14
9,3
21,8
34,8
21,7
0,13
34,5
21,13
10,3
34,13
0,12
0,3
21,14
0,13
21,14
21,5
21,4
34,9
21,8
21,10
21,4
36,10
21,10
0,10
21,10
21,7
12,4
0,11
0,3
12,12
21,8
21,1
21,0
21,1
21,2
0,8
9,7
34,3
50,9
21,10
21,3
21,5
21,0
15,5
26,1
0,11
34,13
21,0
0,3
0,2
34,14
0,0
0,0
21,14
4,3
70,2
34,9
34,10
0,8
71,10
21,9
34,4
21,9
21,1
66,3
21,0
9,2
45,4
34,10
34,12
0,13
21,0
0,8
34,6
0,9
0,5
66,13
19,4
0,6
0,8
0,4
19,8
0,2
34,1
21,8
12,0
21,7
9,1
21,0
21,10
21,3
0,9
21,9
66,7
12,8
26,11
61,4
21,11
61,1
21,2
21,13
0,3
0,12
0,6
0,4
61,13
21,5
45,10
0,7
61,10
21,8
34,4
21,7
21,1
0,0
21,9
0,5
26,6
0,4
34,8
0,9
21,7
21,10
0,5
21,8
0,1
21,6
9,3
23,11
21,9
0,1
10,1
21,8
0,5
0,10
0,11
10,7
71,8
0,4
0,2
21,8
34,0
21,4
34,7
0,0
21,7
21,10
21,0
62,13
21,10
34,7
61,7
21,5
0,10
34,14
13,8
21,3
4,13
21,10
34,8
70,2
34,2
26,7
21,0
17,5
26,13
61,8
21,6
34,8
27,1
0,11
34,3
0,13
0,8
21,0
21,3
17,9
21,1
21,12
21,7
21,8
21,1
0,10
21,12
21,1
34,2
21,7
21,13
0,11
21,12
0,8
12,11
47,9
47,4
22,0
34,7
21,0
21,14
0,14
12,9
26,4
26,1
0,6
42,10
34,10
21,8
34,11
19,11
26,11
0,3
21,7
9,6
21,13
0,13
0,4
21,9
50,14
0,7
21,1
21,3
21,4
9,10
0,6
44,6
21,7
21,1
26,1
0,8
17,1
4,0
0,4
44,1
4,3
0,5
21,8
0,9
21,4
21,14
21,7
0,10
21,8
21,3
0,5
21,11
21,12
0,5
19,2
21,2
34,9
9,8
26,14
21,0
6,12
35,11
53,1
34,10
35,7
21,10
0,3
34,4
66,13
45,14
66,10
45,12
12,13
34,5
26,2
21,8
19,3
66,7
9,11
50,8
9,0
2,3
46,9
0,1
21,6
58,10
58,0
12,4
19,1
50,8
21,6
0,7
25,11
0,6
34,0
21,7
0,11
21,14
34,5
0,9
34,3
34,1
70,11
26,9
9,1
0,4
24,8
66,5
21,4
15,1
9,14
35,10
0,12
34,1
19,3
34,14
70,9
70,0
58,5
34,10
1,1
0,0
21,13
21,6
10,2
9,1
0,12
34,5
34,6
0,10
12,2
34,0
17,7
0,12
21,12
21,4
38,14
21,3
34,4
21,7
21,6
0,7
34,12
21,6
21,12
21,3
21,0
21,12
21,2
19,10
45,2
21,0
20,6
0,8
0,7
21,10
0,6
17,3
38,13
0,11
0,4
26,1
21,1
0,12
21,10
21,8
21,6
34,2
38,12
0,11
70,14
21,2
21,9
70,12
70,6
21,4
26,2
21,1
34,8
21,7
21,4
21,10
24,4
21,9
21,12
21,13
12,4
52,2
12,4
45,10
34,0
45,13
21,14
21,13
1,1
21,2
21,6
12,10
21,3
17,5
21,6
24,0
47,4
12,5
34,3
34,11
4,6
34,8
38,1
34,7
52,4
46,6
0,13
38,10
44,3
68,2
70,1
50,7
46,2
0,10
0,4
66,2
61,2
26,12
6,9
0,3
26,10
21,12
53,6
15,11
66,14
34,11
17,14
66,5
19,12
21,8
45,3
63,4
44,9
24,11
34,2
66,6
45,10
19,12
25,1
0,11
21,6
0,7
0,10
45,4
26,5
17,12
34,8
45,3
34,5
34,14
6,12
9,2
45,10
58,2
38,7
34,6
0,14
61,7
21,11
0,3
58,6
21,13
26,6
21,12
0,8
1,13
0,14
21,1
34,0
46,2
45,3
9,7
34,3
70,7
26,14
21,1
47,10
0,4
0,5
10,3
0,1
21,0
10,4
21,3
0,5
21,12
21,12
12,10
21,9
58,11
19,9
21,12
21,14
34,10
34,0
0,1
21,10
21,3
26,0
0,0
0,1
0,10
34,11
21,12
21,7
21,13
21,13
0,5
21,1
21,7
0,3
68,0
34,9
0,7
10,12
34,14
21,8
21,13
21,14
34,5
0,2
34,2
61,7
21,9
21,11
0,13
29,6
0,8
17,7
43,6
43,10
21,4
26,8
0,11
60,8
21,14
25,10
0,6
13,7
26,6
0,3
0,12
21,1
21,3
10,7
0,12
50,14
3,1
25,3
0,11
26,0
10,2
0,3
0,8
21,5
21,12
1,4
10,3
0,1
21,11
15,14
34,12
21,5
46,11
0,0
21,8
46,4
0,8
0,7
34,1
21,11
21,0
21,2
0,3
21,12
21,7
0,6
0,0
70,14
0,7
0,12
70,8
70,8
65,14
45,9
0,6
21,10
17,2
0,5
21,12
21,14
26,12
26,3
0,0
0,5
21,1
46,7
8,8
0,10
0,11
0,9
21,8
21,7
26,9
0,9
17,1
26,11
2,1
17,2
0,0
34,10
21,10
21,10
21,10
21,2
17,13
25,13
21,10
62,14
9,4
26,8
21,14
26,4
0,6
21,14
26,10
21,9
47,13
21,2
21,13
21,5
0,3
21,3
21,4
17,5
46,5
34,5
21,3
4,8
21,10
0,6
46,12
46,6
46,10
0,14
26,12
0,10
21,2
0,6
21,13
9,6
15,9
12,3
21,10
0,13
12,7
21,8
0,7
17,7
69,5
21,13
21,10
0,13
0,10
9,3
21,1
21,4
0,7
0,13
0,6
0,8
0,0
46,7
21,5
17,14
9,8
21,13
21,5
0,13
0,2
0,8
0,10
0,4
21,7
21,12
21,1
21,4
21,13
34,11
34,2
72,0
35,11
17,9
9,9
45,12
45,12
45,1
61,7
65,1
58,1
17,4
24,12
21,8
45,13
34,12
21,7
0,14
17,13
9,8
21,13
45,9
6,7
26,8
24,1
21,12
26,1
46,6
17,6
26,13
19,14
34,2
1,13
61,8
34,10
15,5
21,4
17,9
4,2
4,1
21,14
0,6
45,1
0,7
0,11
45,11
21,3
21,12
17,13
21,4
21,13
21,0
26,8
6,11
46,7
70,1
46,14
70,10
0,11
51,10
1,2
21,6
19,1
19,11
45,7
19,3
0,1
44,4
0,8
17,13
34,10
19,14
21,7
45,9
35,2
70,8
21,4
26,9
21,6
51,11
17,1
21,11
21,5
17,13
21,6
70,13
21,14
21,14
19,9
21,9
61,0
12,5
25,5
10,13
21,2
47,11
0,8
21,11
21,12
21,7
0,14
0,10
21,9
21,3
4,0
21,11
26,14
21,6
52,8
45,10
2,2
21,2
0,0
25,0
26,4
0,6
21,12
0,4
21,7
0,8
25,8
2,1
21,14
21,8
21,8
19,13
9,9
70,7
21,11
70,5
70,11
12,12
2,5
21,2
2,5
19,0
17,8
0,5
0,7
10,11
26,6
70,4
21,4
21,5
21,8
19,4
21,10
70,7
21,12
50,14
19,13
4,8
50,12
70,10
45,6
12,14
45,12
45,9
26,4
17,6
21,4
4,12
19,2
12,9
45,0
21,2
21,13
70,0
0,12
45,9
21,10
13,6
45,12
26,1
21,6
4,1
0,10
21,1
21,10
0,14
21,3
3,2
0,7
26,1
0,8
21,10
66,0
45,2
0,3
0,0
21,12
21,2
0,14
45,14
21,3
21,12
70,14
21,9
21,13
0,13
45,2
34,10
17,3
26,10
34,10
70,1
0,10
0,4
34,6
34,12
21,13
21,2
21,8
0,12
34,13
10,14
0,0
21,8
21,2
21,11
26,8
21,10
0,12
21,2
21,10
21,0
21,10
26,0
21,12
13,1
66,11
26,5
0,7
21,1
21,3
26,14
21,1
0,1
17,1
17,7
66,8
21,13
21,10
9,3
0,5
21,2
42,2
60,10
66,6
21,10
21,5
0,13
10,12
12,4
0,10
21,9
26,1
10,14
21,2
0,12
0,0
26,7
50,8
26,6
21,11
21,14
21,1
21,3
21,11
61,4
21,10
21,0
0,3
21,13
21,14
21,1
21,2
21,10
21,0
29,4
21,13
0,9
33,7
21,2
45,14
10,2
46,0
0,3
21,2
0,3
21,8
21,9
50,1
0,10
21,3
33,5
0,0
21,2
0,0
0,9
21,2
21,2
34,10
21,14
45,9
21,14
21,10
21,13
21,3
0,6
61,4
45,7
26,7
53,8
21,13
21,8
17,0
21,12
26,13
17,7
26,5
17,2
21,5
0,6
26,6
65,2
26,8
26,9
21,3
17,5
0,10
70,0
21,10
21,5
21,9
21,12
45,12
21,1
19,11
0,5
15,12
38,11
19,14
19,3
70,7
60,11
45,2
0,10
10,10
61,5
21,7
21,13
21,14
53,9
21,6
21,14
0,2
21,7
70,6
0,5
21,11
34,2
0,0
21,4
21,13
0,1
19,5
66,12
21,9
23,8
17,2
21,2
21,7
21,8
21,3
21,0
21,4
0,4
21,7
19,13
60,13
21,11
66,9
21,12
21,12
21,8
21,8
15,2
34,12
21,12
21,1
17,5
4,5
34,7
0,7
21,14
21,11
21,13
21,3
21,1
21,0
0,13
26,8
21,12
21,4
21,12
0,9
9,5
0,9
12,13
0,4
21,2
21,12
70,5
13,13
66,8
21,9
0,5
21,12
0,12
10,0
21,8
21,10
3,5
17,11
47,0
0,9
21,5
0,13
26,2
0,1
0,4
21,1
26,3
21,6
0,6
21,13
21,9
21,9
26,7
21,11
21,10
21,0
21,4
0,1
21,14
21,6
21,14
2,10
21,11
21,7
70,1
21,3
21,3
0,10
21,4
22,6
17,13
0,8
0,12
0,11
21,9
0,14
26,1
70,7
0,12
21,11
0,12
0,3
21,4
70,8
15,2
21,10
0,9
17,13
21,5
21,10
21,14
17,11
0,1
0,7
21,4
21,5
21,2
17,11
17,7
21,5
9,14
21,4
21,5
0,14
21,1
61,0
34,4
21,0
0,10
26,7
21,12
21,7
0,8
0,8
0,0
0,10
21,2
21,10
21,13
21,10
21,6
47,14
0,8
51,8
21,13
21,5
21,11
21,7
21,0
21,5
0,6
4,12
58,1
12,10
21,11
66,1
0,4
0,10
15,1
0,6
26,5
21,9
21,13
0,8
17,10
21,12
26,9
0,2
21,0
0,13
70,4
45,12
21,8
66,1
21,9
21,1
21,4
21,11
1,1
0,1
0,6
21,2
70,5
9,0
12,12
26,1
21,8
0,11
71,13
21,10
0,2
17,9
21,2
0,8
17,7
24,0
0,4
0,0
21,5
0,8
70,3
21,9
70,8
21,3
21,14
17,14
21,10
17,3
9,8
13,11
58,2
0,2
9,4
17,2
3,3
25,12
46,9
26,8
26,0
61,14
17,6
26,13
17,11
17,2
9,9
46,5
58,9
26,3
21,14
25,8
21,3
0,5
21,2
19,0
69,13
12,1
34,5
70,7
46,4
36,6
17,6
58,4
25,10
34,1
66,13
17,8
45,2
70,7
12,13
24,14
21,12
9,5
3,11
70,12
3,8
72,3
50,6
34,14
12,1
2,9
34,10
66,5
34,10
46,2
17,8
34,3
45,14
0,14
0,5
0,10
17,8
0,5
34,11
0,8
44,6
38,4
21,4
26,6
17,9
21,6
10,1
17,3
26,5
21,14
0,1
61,10
0,7
21,1
21,2
21,5
34,11
0,13
45,11
21,13
0,11
21,13
21,4
46,2
21,13
21,8
0,3
21,0
2,1
17,11
21,6
21,0
21,9
0,5
21,14
21,11
17,3
34,0
21,12
0,7
25,11
10,3
21,8
0,10
50,10
21,8
15,10
21,11
26,5
0,11
58,1
21,2
21,14
21,1
0,10
0,0
21,0
21,8
17,10
58,6
21,0
0,11
9,12
21,2
0,9
21,8
17,4
21,9
0,11
0,8
15,4
21,6
21,13
21,14
21,5
21,5
21,5
21,2
0,14
21,8
21,13
34,7
21,14
0,10
46,12
21,8
21,11
21,12
42,10
26,4
2,7
2,11
21,9
17,6
17,9
21,10
45,11
19,6
21,0
12,12
10,13
17,10
21,2
19,3
2,1
0,10
21,4
0,6
21,1
24,11
21,3
10,1
46,2
0,2
21,0
21,11
66,6
0,13
34,7
21,11
21,0
21,9
21,14
2,6
0,10
0,9
21,8
26,1
0,11
0,1
4,6
21,14
34,2
21,12
17,4
2,6
21,11
21,7
0,10
21,2
66,6
0,14
0,4
66,11
0,9
21,13
34,9
0,11
21,1
21,12
0,8
21,8
21,9
12,4
21,1
21,10
0,2
59,2
3,10
21,6
0,3
21,9
21,12
21,12
24,3
21,4
26,6
0,14
45,8
50,1
21,14
0,14
0,7
21,11
21,2
0,12
21,10
21,1
21,9
21,12
21,9
61,7
21,0
21,11
9,0
21,3
0,11
0,12
0,4
61,9
19,11
34,7
21,3
21,6
21,5
70,1
21,6
21,2
21,9
21,11
21,10
0,2
21,4
21,12
21,3
9,1
21,8
45,12
21,1
19,3
21,6
34,1
13,5
17,13
0,12
21,14
26,14
17,5
21,5
53,7
0,7
0,1
0,0
21,8
21,12
21,6
12,13
17,12
21,10
21,9
4,12
51,6
21,1
21,1
47,8
21,13
21,1
21,12
21,0
21,7
46,12
21,9
45,2
21,1
26,2
0,10
25,3
70,5
0,3
17,13
27,13
21,14
26,14
21,13
21,9
21,10
0,4
21,13
12,8
21,12
21,9
46,11
46,1
0,7
4,13
17,0
19,13
12,14
21,4
21,10
17,2
21,10
0,11
46,2
46,9
9,5
46,3
45,8
0,10
21,3
0,2
0,7
0,9
21,14
21,10
17,3
47,9
21,5
21,14
21,8
21,6
9,7
21,12
0,12
21,10
21,1
4,12
21,10
0,6
70,6
0,7
21,6
0,14
26,13
17,4
0,14
21,4
17,8
17,6
21,7
21,2
0,14
6,6
17,13
26,10
0,3
0,13
15,10
26,11
17,1
59,7
0,12
0,7
26,9
0,3
21,14
26,11
0,12
61,3
0,4
21,13
0,3
21,10
21,1
9,2
0,11
0,0
9,11
46,7
15,1
44,0
21,11
25,6
45,13
21,4
21,6
21,10
0,13
45,3
21,0
21,0
21,3
21,14
0,6
30,0
0,8
34,8
0,13
0,10
21,6
21,0
0,13
0,6
21,5
17,13
21,8
66,7
21,10
21,3
21,3
42,8
12,5
0,11
12,2
0,0
34,7
21,3
0,1
9,1
21,1
0,12
21,8
21,13
12,5
24,13
21,10
70,2
70,9
19,0
34,10
21,10
19,0
0,7
61,8
0,5
0,7
21,2
0,8
70,13
21,14
0,6
0,2
21,13
21,1
0,12
21,3
21,3
21,9
21,7
11,1
21,14
0,8
21,2
21,3
34,11
61,10
34,2
46,5
21,10
17,7
21,1
21,7
21,3
29,1
34,3
0,7
21,14
21,14
21,4
24,12
70,2
21,5
0,14
21,13
1,12
21,2
21,13
21,14
34,14
12,11
0,6
21,7
17,12
0,4
52,13
12,8
21,14
46,6
46,0
38,6
26,3
21,3
12,5
6,4
21,8
21,2
21,8
21,1
21,13
21,13
66,12
21,12
25,12
0,10
10,14
45,11
17,10
0,2
0,13
21,4
21,3
21,7
17,12
12,8
21,14
21,3
10,2
0,13
0,7
25,5
21,13
21,0
21,2
0,3
21,12
43,6
0,1
21,10
0,5
0,13
21,2
21,10
0,9
21,2
21,2
21,14
21,14
61,3
0,8
0,12
0,14
0,1
0,4
61,13
21,0
21,7
21,0
21,7
23,9
58,3
0,3
21,9
21,1
17,8
21,11
58,3
24,13
0,5
12,5
21,11
21,8
42,9
61,4
21,2
26,1
46,3
70,12
26,7
21,13
0,12
46,11
46,13
21,7
21,3
10,9
42,2
0,7
21,6
21,6
21,2
0,5
0,1
0,3
31,9
9,13
0,9
0,2
21,9
0,9
21,9
12,8
21,3
21,2
0,4
21,5
21,14
21,12
12,3
47,0
0,4
17,4
0,0
0,14
21,8
21,7
66,1
21,0
0,0
65,14
21,14
0,7
0,11
65,8
61,13
0,6
0,7
12,9
0,9
0,0
0,0
34,1
0,3
9,8
61,10
0,10
17,5
61,11
61,0
34,10
21,12
21,5
21,10
21,0
66,7
24,3
34,2
61,1
50,12
17,11
61,6
17,7
44,13
13,1
66,10
60,6
4,5
34,7
0,2
36,11
25,13
70,3
21,3
35,8
45,13
46,7
35,0
34,3
17,13
0,4
46,14
45,13
34,2
17,12
34,14
34,2
21,14
0,14
65,12
0,14
17,13
33,8
17,5
3,11
0,4
19,12
0,7
3,13
0,2
21,11
61,14
44,2
24,0
9,8
0,14
44,11
21,6
0,9
0,11
0,8
9,8
0,8
0,8
34,4
34,7
61,14
61,9
17,14
46,3
60,1
0,6
0,3
30,12
34,8
0,14
21,1
0,6
3,4
45,2
34,6
0,12
34,5
0,5
0,3
46,4
0,4
19,5
21,6
70,6
21,4
26,6
0,2
4,9
0,8
0,0
34,10
34,14
0,12
25,4
21,12
34,4
0,7
0,4
0,4
0,1
51,3
44,1
0,3
34,1
73,8
31,13
0,9
51,12
69,4
61,4
34,5
0,6
17,8
21,9
21,4
3,10
0,5
34,14
34,0
0,14
34,10
0,14
28,8
34,4
2,10
34,10
34,12
44,8
34,0
12,4
0,7
25,1
0,12
17,9
17,0
51,9
0,1
0,7
0,14
0,3
60,7
0,5
45,1
21,10
17,11
73,7
34,3
0,13
0,14
17,13
21,9
0,12
0,5
0,9
29,11
73,13
0,8
0,4
9,9
17,3
6,3
12,4
34,6
21,12
0,6
70,5
52,13
17,4
0,13
50,14
73,3
47,4
40,2
0,3
61,9
34,3
34,6
45,6
0,10
6,0
66,13
0,13
58,4
0,12
0,0
0,1
0,11
21,8
24,8
21,1
3,4
0,7
0,6
34,14
21,10
61,8
21,7
61,10
0,7
0,3
0,3
0,1
0,2
21,4
12,12
21,12
26,3
21,2
21,12
0,13
0,4
30,2
12,2
34,14
61,4
0,14
0,13
34,7
0,0
0,11
12,7
46,11
0,5
17,4
0,9
12,9
0,2
0,2
6,12
26,12
26,2
0,13
26,6
51,6
55,10
4,5
52,9
0,12
25,6
26,7
2,9
25,7
61,5
12,8
17,10
0,12
26,13
26,0
0,14
12,2
3,1
42,12
0,0
42,14
33,8
17,8
21,6
21,4
0,5
61,7
46,8
61,9
24,14
24,6
33,10
17,4
0,8
12,1
21,13
34,2
34,2
0,2
17,14
34,4
0,14
0,2
34,3
0,4
0,11
0,8
70,7
21,9
0,13
21,0
0,1
26,6
0,9
17,9
26,2
0,11
0,9
0,13
0,11
0,9
12,8
21,3
0,2
0,8
34,13
15,2
0,4
0,3
0,8
0,0
0,9
19,6
70,11
21,6
19,9
0,2
0,6
12,8
66,1
17,9
45,2
45,13
60,11
61,12
70,5
45,7
26,2
70,8
34,5
34,3
21,0
17,3
50,12
10,11
17,0
21,12
50,5
0,4
65,2
65,13
45,4
21,3
21,8
50,11
21,3
36,13
38,5
61,5
21,3
21,10
0,14
21,3
21,9
45,5
45,10
21,2
3,1
17,0
21,2
0,7
66,1
34,6
21,7
52,13
34,12
21,12
17,1
17,2
66,3
3,13
45,3
21,2
17,14
38,13
34,5
45,4
34,13
17,6
41,8
45,2
45,2
34,9
45,12
21,10
34,10
70,7
8,13
3,4
34,2
21,12
21,6
0,9
70,14
45,7
17,1
21,12
9,9
21,1
17,11
21,14
0,14
21,1
0,0
17,10
61,5
0,13
25,1
21,2
66,11
21,1
21,12
21,4
21,9
45,12
21,1
0,4
0,4
66,7
0,6
17,1
15,7
17,8
30,0
0,11
21,1
21,7
0,14
21,0
21,0
21,0
21,4
21,1
21,1
0,8
17,9
0,9
3,11
66,10
45,7
10,14
3,1
66,12
21,7
0,1
21,14
41,14
0,14
21,3
21,14
25,4
21,3
21,5
21,6
21,11
0,12
21,10
21,14
21,14
66,3
41,3
21,5
0,2
25,8
21,13
21,2
21,7
0,13
0,12
58,14
46,12
45,5
21,6
21,4
21,7
21,9
0,6
21,4
21,1
17,1
21,4
21,4
0,9
21,12
0,7
66,10
45,10
21,14
21,5
21,2
21,5
66,10
34,1
25,3
0,2
31,5
0,6
0,7
21,7
38,6
0,14
31,2
21,2
31,7
45,7
21,9
21,3
45,9
26,12
21,4
13,14
21,0
0,9
21,1
21,8
0,11
0,3
60,6
21,10
21,11
21,9
21,7
47,14
0,12
0,1
21,4
34,5
21,7
21,12
21,7
0,10
21,4
1,13
70,14
21,4
21,11
21,12
0,8
21,13
0,11
21,12
21,11
21,0
21,11
21,8
21,5
21,11
0,9
0,10
66,4
25,3
0,13
61,8
0,1
17,10
21,12
24,9
21,5
21,13
21,3
21,4
21,1
21,13
0,13
34,3
0,3
0,8
61,9
21,9
0,2
24,1
0,4
21,8
21,3
17,4
21,6
12,0
21,0
21,13
21,5
12,2
0,2
21,7
21,11
21,10
10,3
0,1
21,7
21,5
0,8
17,7
0,1
21,14
21,2
0,1
21,5
21,1
0,0
21,1
12,3
21,13
21,2
50,14
0,10
21,0
51,9
21,1
21,2
21,7
26,4
31,0
21,14
21,11
21,1
4,8
70,4
21,2
26,5
21,2
0,9
21,11
21,14
0,5
0,3
26,12
0,8
21,3
0,13
21,12
0,0
21,13
0,3
66,8
0,2
46,2
70,9
0,2
0,0
21,5
0,8
43,10
21,8
21,12
0,8
12,14
2,6
57,8
21,2
21,2
21,5
9,4
1,9
21,10
17,4
21,3
0,12
0,13
0,5
21,3
0,3
21,1
61,8
17,4
21,3
12,8
0,11
17,12
12,8
34,2
0,0
0,11
17,6
21,3
21,9
0,1
0,9
0,9
21,14
17,11
21,14
25,14
0,6
21,11
0,6
21,2
34,14
0,8
21,8
21,1
21,4
17,1
21,7
9,10
21,2
4,9
21,3
21,7
70,2
70,5
17,11
21,14
70,4
0,13
0,10
71,9
38,12
45,3
17,2
21,0
50,7
17,11
0,11
3,5
12,7
70,1
36,12
21,9
61,9
0,12
53,14
0,8
13,8
26,10
0,4
21,14
61,6
58,2
9,10
0,7
21,2
25,10
21,2
0,8
21,11
9,8
21,10
21,2
50,3
26,13
3,5
0,10
24,1
21,2
50,5
70,12
21,14
21,10
45,1
21,7
21,1
34,12
38,7
21,7
45,1
21,6
66,6
21,13
21,1
66,7
21,3
21,7
21,2
4,12
13,8
21,1
21,0
0,3
34,4
21,9
58,8
70,13
70,13
66,9
21,5
69,13
21,3
17,1
0,0
17,2
34,9
21,7
12,0
0,7
52,13
45,5
21,7
21,8
21,4
21,4
0,3
0,2
6,1
0,11
21,7
59,7
59,3
0,14
21,1
70,1
21,10
0,8
0,6
58,10
21,9
0,0
17,12
0,13
24,8
0,9
21,0
26,14
45,11
17,0
70,8
59,10
17,12
21,10
21,14
21,3
21,8
0,9
0,6
21,14
21,7
34,7
21,0
21,12
21,7
21,6
71,14
9,14
21,11
0,6
26,14
0,12
21,11
30,12
0,9
21,1
0,1
36,14
21,12
21,4
21,14
21,14
21,8
21,2
0,7
21,4
0,9
21,2
13,6
17,5
0,9
0,13
0,14
70,10
21,1
0,9
21,3
21,0
21,7
17,4
0,13
19,1
21,3
59,5
21,12
21,1
70,10
21,12
21,6
9,2
21,13
34,5
21,2
0,8
26,0
21,13
2,13
0,14
0,10
0,5
21,14
21,7
21,13
12,8
59,11
10,12
21,11
45,2
2,11
24,8
34,6
0,4
21,5
0,4
21,4
52,11
38,6
21,3
0,0
21,12
26,12
0,10
21,11
0,3
21,4
61,13
21,3
21,2
17,12
21,0
21,3
0,13
17,13
21,8
0,8
21,11
61,4
21,2
21,10
9,8
21,13
21,0
21,14
26,7
21,4
21,6
0,2
0,6
21,12
21,10
21,0
17,11
3,2
0,11
0,1
21,12
0,3
21,8
21,14
21,11
21,13
21,2
21,11
12,8
21,10
21,5
17,12
21,13
21,11
21,12
21,4
50,3
21,14
21,14
21,1
0,6
0,0
0,6
21,7
60,4
25,7
0,6
34,14
0,7
21,14
0,14
21,0
21,1
0,1
21,0
17,14
17,7
39,10
10,12
21,2
0,4
71,5
21,0
21,1
21,5
59,3
21,8
17,13
21,11
0,4
34,0
21,11
21,4
17,6
21,13
34,13
21,2
34,11
21,7
21,12
17,13
0,13
17,4
17,12
21,3
0,2
6,10
21,3
26,13
17,5
21,2
21,2
0,7
26,0
0,0
70,11
17,0
34,11
34,0
15,8
46,13
0,11
21,13
12,7
0,8
21,0
21,8
34,8
0,8
35,5
4,3
21,10
21,3
23,7
70,0
0,7
50,10
70,0
4,0
46,13
46,3
21,5
0,2
46,2
21,1
21,4
26,5
17,12
46,14
46,5
46,6
0,2
0,5
51,12
46,0
15,0
13,14
21,7
21,3
70,9
21,1
15,2
17,8
21,9
21,7
21,1
39,5
17,13
15,2
21,2
17,4
4,7
17,2
0,2
21,3
21,6
17,5
21,9
0,9
17,1
17,12
0,14
0,12
17,14
70,10
12,10
66,13
17,3
34,12
9,1
17,7
0,11
0,11
17,12
21,3
21,11
21,12
0,12
19,8
61,2
21,1
21,5
0,13
0,9
24,13
3,10
66,13
4,14
70,6
45,12
72,12
70,10
4,10
26,6
70,11
21,8
61,8
72,1
21,1
25,2
21,1
52,10
21,10
70,3
34,0
21,10
17,6
0,14
21,5
72,6
17,2
17,7
0,13
45,8
0,14
26,4
19,14
26,7
13,0
45,6
52,14
34,4
46,10
21,10
17,8
0,1
21,0
21,12
21,12
26,14
1,2
38,10
70,9
21,0
38,0
45,0
25,7
45,9
61,9
45,0
17,13
17,12
70,1
26,6
34,12
21,11
0,11
21,6
0,8
61,5
61,0
0,8
61,7
15,12
17,2
72,4
72,10
21,9
21,12
0,13
34,12
21,0
21,14
21,12
0,12
21,8
0,10
34,14
21,2
45,6
48,11
35,1
35,4
0,0
21,3
0,5
21,3
21,3
21,5
26,12
21,13
0,11
21,7
61,4
21,12
34,12
9,1
72,13
21,8
21,2
21,1
21,11
21,11
21,12
21,10
0,4
58,3
21,1
21,4
21,10
21,12
21,13
0,13
0,13
45,8
21,12
0,14
21,3
25,1
0,11
21,12
21,6
21,10
34,4
60,6
12,11
21,11
45,5
21,5
17,6
61,12
30,6
70,8
21,10
0,14
21,8
61,12
17,7
0,8
50,14
17,2
25,6
34,2
19,7
0,2
0,13
0,1
17,2
0,8
21,4
0,14
0,13
66,4
61,8
21,5
21,4
21,9
70,14
0,3
12,10
0,2
0,11
21,3
21,12
0,14
21,11
21,9
34,14
46,11
21,11
0,11
21,8
0,5
46,7
12,8
21,8
60,2
24,11
17,12
0,8
17,13
21,14
0,12
21,3
0,1
0,5
21,12
17,6
0,2
0,4
66,10
0,10
0,12
21,7
21,5
0,9
0,9
0,3
17,14
70,13
12,11
21,7
21,8
35,2
21,3
21,3
2,7
21,7
0,10
9,2
12,1
4,4
2,10
21,2
21,14
21,8
12,7
21,0
17,3
0,10
21,7
21,10
4,2
12,3
21,10
17,13
0,5
13,0
21,4
21,3
0,13
21,8
21,13
0,12
21,3
21,0
35,14
21,10
21,3
21,6
26,14
70,8
21,2
46,13
21,4
46,4
17,2
21,7
21,9
45,13
21,9
21,11
21,10
0,6
21,4
21,14
0,3
0,10
0,12
21,6
21,0
21,7
21,11
21,2
21,14
21,6
0,9
21,5
0,0
21,7
0,1
21,7
0,3
21,14
12,0
17,9
0,5
0,5
21,10
43,7
0,2
0,8
17,14
17,14
21,3
0,13
17,0
17,5
21,3
34,6
21,11
21,2
43,12
9,0
60,6
60,8
21,7
0,7
63,10
15,1
70,11
36,6
1,12
17,1
52,7
36,10
61,7
17,4
12,5
70,1
0,5
17,9
17,12
6,10
70,1
21,6
17,1
21,1
66,6
45,4
0,0
35,3
61,9
45,11
45,14
12,10
21,5
3,6
34,6
45,13
61,4
6,2
45,8
15,0
60,10
35,4
45,3
0,2
45,1
59,13
24,10
46,6
25,6
21,14
21,2
0,3
66,3
38,1
58,11
52,1
21,5
34,0
70,4
21,7
45,6
0,14
21,5
15,4
34,7
0,4
34,14
70,13
34,8
15,7
21,9
35,10
34,9
1,13
17,6
15,14
36,14
21,2
46,2
46,13
59,2
25,5
59,4
21,1
6,14
15,12
21,14
26,7
17,7
45,12
17,13
24,1
0,8
17,7
70,5
21,5
34,2
70,7
45,0
21,2
45,0
17,5
21,7
0,2
70,7
0,12
0,9
70,10
21,3
19,1
0,2
52,8
0,9
21,2
21,10
21,1
0,10
21,13
21,1
21,0
0,14
0,5
21,10
0,6
21,13
21,9
21,6
21,11
52,2
21,10
21,0
15,5
0,3
0,1
21,14
25,4
21,7
21,1
21,8
0,5
21,2
61,5
0,6
0,5
30,0
9,9
0,7
34,10
12,2
21,12
21,14
0,13
21,1
34,13
21,8
21,6
0,8
21,13
0,8
21,6
0,1
21,8
21,4
21,1
0,0
21,10
21,12
21,7
45,11
0,0
26,11
21,7
21,2
70,2
0,12
15,7
70,7
21,11
15,3
0,7
21,1
6,14
26,2
21,8
16,1
15,14
21,4
21,1
50,2
38,6
45,14
0,6
0,6
42,12
21,7
34,13
21,10
26,4
0,14
21,13
21,2
0,2
45,9
21,7
21,1
21,14
21,2
53,14
21,8
21,0
21,13
21,7
17,2
21,14
45,6
0,8
21,3
21,0
34,0
47,9
21,0
0,7
0,7
21,3
21,1
4,13
24,2
0,12
21,13
21,14
24,10
21,9
0,6
21,4
24,14
21,14
16,1
21,14
21,7
0,10
2,4
0,1
0,7
21,14
9,14
24,2
21,5
21,12
21,14
70,2
0,2
21,1
25,4
21,14
16,11
4,14
15,2
6,10
21,13
21,11
21,8
21,13
70,1
61,10
0,6
21,5
21,7
21,9
0,7
71,1
70,5
70,5
0,1
21,13
0,1
0,13
12,1
21,10
0,13
21,14
15,11
21,2
25,5
21,4
0,2
21,4
12,7
21,3
0,5
21,8
21,1
21,8
21,2
21,9
25,8
17,2
21,10
21,11
21,5
21,1
21,6
21,7
17,6
3,6
21,1
21,8
25,2
0,13
70,0
21,0
25,10
21,7
21,4
25,0
21,4
21,8
9,2
21,14
21,14
21,5
21,7
21,1
21,1
0,0
21,1
21,10
21,13
21,4
0,7
21,3
21,6
21,1
21,4
0,7
0,12
6,12
21,12
21,14
21,12
21,12
21,1
21,7
12,7
0,8
0,12
2,2
26,3
0,9
21,0
9,4
21,11
21,10
21,3
21,12
17,5
21,1
0,4
44,9
12,4
12,6
26,4
2,8
0,3
0,10
21,0
21,6
26,2
21,10
0,10
21,10
71,1
21,14
21,1
0,2
21,13
0,3
21,14
21,5
0,12
0,1
0,6
21,8
0,10
0,10
0,9
0,0
21,9
21,11
21,0
21,11
21,1
17,4
70,5
0,0
21,4
21,3
21,0
0,7
70,2
0,9
21,4
12,6
21,9
50,13
29,5
21,5
0,8
0,2
21,3
21,0
0,0
21,7
21,12
70,1
21,4
21,9
21,2
21,0
21,7
0,8
21,14
21,10
21,11
21,9
0,12
61,8
21,9
21,10
0,11
0,13
21,9
21,1
21,6
21,3
21,10
21,10
0,4
0,6
70,2
0,7
0,8
0,8
0,1
21,8
50,12
0,3
3,0
3,11
58,1
72,14
72,14
19,8
3,12
0,3
46,5
24,11
3,7
3,2
21,6
10,6
0,14
63,4
60,1
47,8
17,12
46,5
46,10
46,6
26,2
24,6
24,6
24,9
24,10
0,10
70,8
45,8
4,9
34,1
21,2
61,6
45,7
21,11
26,3
10,10
15,10
50,6
66,12
34,4
3,11
72,7
45,2
3,9
35,3
12,2
35,2
24,1
70,6
17,13
0,1
45,1
34,6
17,7
1,7
61,0
0,2
0,1
0,7
24,13
6,10
31,0
31,14
44,7
10,9
0,14
21,0
70,0
4,13
21,7
0,3
61,8
0,12
21,12
0,9
45,0
21,2
70,4
45,6
0,6
21,13
21,2
21,12
21,14
0,10
0,12
21,1
21,3
21,8
21,12
21,2
25,4
12,9
0,11
21,4
0,11
21,6
3,2
3,10
45,10
0,11
0,9
0,2
21,1
21,9
70,11
0,11
60,6
25,9
21,6
70,9
21,12
21,9
21,1
21,3
26,7
70,1
0,1
0,5
21,1
0,14
24,5
3,13
21,3
21,2
24,0
0,2
21,1
21,1
21,8
45,14
12,14
31,10
0,14
21,9
26,14
21,13
21,2
21,2
21,1
21,1
0,7
17,10
10,10
0,1
0,10
0,5
21,2
0,1
21,8
3,2
21,12
21,0
21,9
34,1
34,5
21,7
21,8
21,9
21,6
21,12
0,10
71,8
0,14
17,8
64,13
13,6
0,6
31,5
0,14
0,4
0,10
21,3
21,12
21,12
26,14
26,8
0,8
45,7
21,1
0,1
17,12
21,7
0,10
34,11
0,6
0,4
21,6
0,2
0,14
21,1
0,3
21,4
21,8
21,4
21,4
19,13
17,7
21,2
26,12
21,13
50,0
17,2
0,0
0,8
21,13
0,5
17,6
26,3
6,13
21,9
21,9
21,9
0,0
45,1
21,3
12,7
21,3
21,3
21,14
26,1
21,10
21,6
3,4
0,12
35,2
17,0
17,5
21,14
17,3
17,14
21,8
21,12
21,12
34,3
17,4
34,2
21,8
0,3
21,12
17,6
21,14
21,13
21,8
0,6
1,2
24,13
21,9
0,4
17,2
21,10
21,14
21,8
17,10
26,12
21,6
0,13
21,7
21,10
21,2
0,9
25,8
21,8
12,14
21,6
0,6
0,8
21,6
21,1
21,5
21,3
21,5
21,14
12,4
12,14
21,11
21,13
21,9
21,8
0,2
21,10
21,3
26,4
21,3
21,6
12,6
17,6
26,6
26,3
4,6
21,7
21,0
21,1
21,2
0,8
0,5
0,6
21,5
21,7
0,14
21,2
21,13
21,0
21,13
17,1
21,14
26,11
21,13
21,12
21,0
17,12
21,5
21,5
21,14
21,13
21,2
21,9
21,0
0,8
4,7
21,4
21,5
21,12
26,1
0,9
21,6
21,12
0,12
45,7
26,6
0,2
21,4
52,1
52,8
0,14
21,2
17,5
21,11
34,3
34,9
21,6
52,2
21,8
21,10
45,4
21,13
34,7
0,2
34,3
34,0
34,7
34,13
0,13
34,8
72,11
21,4
0,1
35,4
21,11
0,0
24,9
15,11
12,1
45,7
34,14
34,13
21,9
34,0
0,4
17,3
6,10
3,7
6,11
0,1
14,2
17,10
6,3
24,0
24,13
21,4
21,7
8,14
0,5
47,4
34,6
24,2
0,12
0,7
17,2
0,14
21,14
0,8
61,11
21,2
21,2
21,12
0,2
0,13
0,5
45,5
21,7
0,7
70,9
40,4
34,4
34,13
21,14
21,13
21,1
21,4
21,10
21,13
21,4
21,0
0,10
3,12
21,7
21,1
21,8
0,4
21,11
21,8
21,11
0,5
21,14
21,7
34,11
66,6
21,9
66,1
0,14
21,2
39,2
6,5
24,7
21,10
21,8
0,7
0,12
0,10
21,5
21,14
0,5
21,1
21,3
21,10
21,12
21,1
21,3
0,14
21,0
62,4
21,3
21,9
21,14
21,0
21,6
21,2
0,4
21,7
21,10
34,6
21,14
21,8
21,14
13,10
0,11
0,12
21,0
21,12
61,2
21,11
34,13
1,4
21,14
21,10
21,3
21,6
0,1
62,11
21,7
53,6
0,2
21,9
21,10
21,12
21,10
45,2
21,8
17,12
21,10
21,2
21,3
12,7
21,8
12,12
21,9
21,6
21,6
24,2
21,6
9,9
3,12
21,0
17,4
21,14
21,8
38,14
0,7
17,8
21,10
21,4
21,7
21,2
0,5
46,11
21,13
24,4
21,8
44,12
2,3
21,9
0,1
9,14
21,12
21,0
3,1
0,9
0,1
21,8
21,5
21,11
47,1
17,14
21,5
0,1
0,1
17,2
66,8
25,13
0,6
47,1
21,12
0,4
0,2
21,11
21,5
21,12
21,1
21,13
21,13
0,13
60,12
21,11
21,6
21,3
0,11
21,6
21,1
21,3
21,8
21,4
0,13
0,13
0,6
21,14
0,2
21,11
21,2
0,11
21,7
0,12
21,3
21,3
0,10
21,1
47,1
21,12
61,8
70,2
0,5
26,8
21,7
17,4
21,13
0,1
21,10
21,14
21,12
0,3
21,9
21,2
21,1
12,9
21,3
21,9
21,11
21,2
21,12
17,8
21,10
26,3
17,13
21,11
21,13
26,5
21,5
70,10
24,12
21,2
17,6
21,10
21,10
21,7
34,10
21,8
0,10
61,11
21,8
21,5
21,8
21,3
21,3
21,11
21,13
21,11
21,14
21,13
21,2
21,14
0,12
0,3
0,4
21,3
17,3
21,2
21,14
22,4
21,1
0,0
21,8
21,2
21,8
4,9
0,7
0,0
21,0
0,1
0,12
21,5
21,8
0,5
21,9
0,0
0,1
0,2
0,9
21,11
21,4
37,5
21,6
21,4
23,11
21,10
66,3
21,11
0,2
0,8
10,2
21,10
0,6
60,13
21,1
21,6
0,14
0,4
0,9
21,12
21,3
21,14
21,12
21,7
21,3
21,4
21,14
70,3
0,12
21,8
17,11
25,5
0,11
0,11
21,8
17,6
21,4
69,6
21,10
21,11
26,5
0,10
0,4
0,8
0,1
21,6
12,13
17,1
21,8
12,13
26,13
44,5
21,9
26,13
17,14
50,13
21,13
0,3
26,2
21,3
9,14
17,7
0,1
21,11
21,9
15,3
34,9
70,7
10,10
0,14
0,3
21,10
0,6
21,12
69,12
66,0
66,3
12,7
61,9
24,7
24,10
0,5
45,7
26,0
21,7
38,13
70,6
0,7
3,3
59,6
25,5
3,14
21,9
26,2
0,1
70,3
15,10
36,5
21,8
25,8
46,1
21,12
72,9
70,0
21,6
45,5
15,11
58,2
25,12
21,12
21,14
71,1
63,7
73,2
17,7
66,6
21,8
21,9
21,6
21,3
21,10
38,5
32,8
32,2
46,5
21,0
46,13
21,0
38,8
70,0
46,3
38,12
46,2
32,14
21,6
45,13
25,6
0,4
45,1
46,4
0,14
0,6
34,4
24,2
32,8
50,0
0,13
17,11
0,14
45,9
0,5
0,14
3,9
21,13
58,8
21,6
0,5
21,1
0,14
21,8
21,13
12,6
21,3
21,12
0,14
21,4
17,11
0,8
21,7
38,10
6,5
21,8
21,8
21,5
21,4
21,13
21,5
21,11
21,9
17,1
45,14
21,2
21,4
70,10
25,12
0,0
0,0
21,9
0,9
21,3
17,10
32,10
32,4
21,13
45,7
30,2
21,7
26,4
9,10
21,12
21,6
0,4
0,12
0,5
21,4
21,11
59,10
61,1
0,8
21,3
21,13
9,9
48,14
21,12
59,0
0,3
21,6
21,3
70,11
0,5
21,0
0,11
21,14
9,8
21,8
21,2
0,8
21,2
17,1
17,6
26,7
21,9
21,4
21,0
34,13
26,3
36,0
25,8
21,3
0,12
17,8
15,12
70,0
21,12
21,0
58,11
21,11
21,12
21,6
21,0
21,14
61,2
0,10
45,7
2,11
34,13
21,4
21,13
21,14
12,2
21,13
21,13
0,12
21,13
0,13
58,8
24,7
0,0
21,2
21,9
0,6
21,10
0,10
0,8
21,8
21,10
0,3
0,11
21,7
0,9
21,11
21,14
0,10
21,7
1,6
21,0
21,5
21,10
21,4
21,1
21,7
21,11
21,12
21,13
21,0
21,8
17,12
0,12
21,14
0,1
21,8
60,1
0,5
66,0
21,7
34,2
6,4
45,7
34,4
15,13
0,8
21,0
43,1
0,8
0,8
21,2
34,8
21,14
36,7
26,4
21,2
0,5
21,10
21,3
21,0
12,13
0,7
21,3
21,6
21,6
21,3
0,1
0,2
21,12
21,7
0,12
0,2
0,3
0,0
17,11
50,8
51,6
21,6
21,8
0,6
0,11
21,9
21,0
9,6
0,7
45,9
21,13
21,3
21,9
21,11
0,8
12,12
21,7
12,3
21,5
12,6
0,4
45,10
12,5
22,8
21,5
21,5
21,3
9,3
0,12
47,10
0,6
21,9
21,9
46,4
26,3
46,10
46,3
17,14
21,13
46,0
46,6
21,8
46,2
45,4
21,5
21,1
0,9
46,2
21,2
21,4
21,2
21,6
21,11
21,10
59,9
21,6
0,13
53,8
0,12
21,8
21,10
34,3
21,10
0,12
21,12
21,9
21,8
0,9
0,12
26,6
21,0
21,11
0,9
21,14
70,3
0,14
21,7
0,7
21,1
0,11
21,10
21,14
0,0
21,9
0,4
21,9
17,5
0,5
21,9
34,9
9,12
61,12
66,14
0,6
21,13
21,6
66,1
66,11
21,1
50,12
21,2
21,3
21,14
21,9
21,0
70,11
17,11
17,7
70,12
69,13
61,1
3,1
34,11
0,9
9,8
21,2
3,0
21,3
26,10
0,11
10,5
46,7
46,12
36,3
0,12
34,14
21,8
34,10
34,1
26,3
43,5
45,13
66,0
0,11
0,12
34,2
1,4
21,10
1,7
2,11
21,5
15,13
24,0
24,3
15,14
72,4
34,11
15,1
15,8
69,1
0,1
0,11
34,10
46,7
70,9
1,7
0,12
0,13
0,10
35,12
21,7
17,0
34,3
17,12
0,14
21,14
21,6
21,4
35,2
50,1
70,6
0,8
45,10
25,5
21,6
70,10
3,0
21,4
0,3
21,6
0,3
34,13
17,13
0,3
13,14
0,2
61,5
70,13
0,14
25,8
21,6
0,10
34,14
21,1
0,12
3,1
45,12
0,5
0,3
23,2
0,3
21,4
46,10
21,2
0,8
0,9
0,9
21,11
21,1
17,6
21,6
21,1
21,5
0,7
21,8
21,11
0,8
46,2
12,12
21,4
0,0
21,13
21,0
45,4
0,1
34,10
21,4
21,9
21,3
21,13
21,8
0,8
21,1
21,7
21,7
0,5
21,6
21,6
21,6
0,1
21,6
21,8
21,9
17,9
21,10
35,9
21,10
0,3
0,14
21,11
21,5
21,13
21,12
21,11
21,0
21,2
34,14
0,0
21,4
46,11
21,9
34,2
70,5
0,4
21,6
10,7
21,13
21,2
21,2
0,4
0,7
0,9
21,4
0,7
12,13
0,6
0,11
21,14
46,13
21,12
70,7
45,2
21,0
46,6
40,13
21,8
0,2
0,8
0,5
0,7
0,6
46,4
0,5
0,9
21,2
25,8
0,14
0,14
21,7
21,5
21,1
21,5
0,6
21,4
21,10
21,14
21,12
0,7
21,4
21,12
40,3
21,13
21,11
0,13
21,3
21,1
21,13
17,0
0,0
21,0
21,11
0,4
60,7
21,7
0,10
21,1
0,10
21,4
0,7
21,3
0,4
21,3
0,3
21,5
60,1
21,1
21,12
21,14
69,5
21,2
21,13
21,9
21,5
21,6
21,9
21,0
9,5
0,6
21,2
21,8
0,0
0,1
0,13
0,3
21,10
21,5
21,14
0,4
70,2
17,7
0,5
21,9
21,10
12,13
21,3
51,2
42,13
21,2
42,5
0,14
0,0
10,8
0,3
12,14
0,14
58,9
21,2
0,7
21,0
12,8
21,9
21,4
45,3
44,10
21,8
21,8
21,1
21,14
26,1
21,10
0,13
61,10
42,4
0,8
0,5
0,13
0,4
0,7
0,4
0,8
21,7
46,13
23,10
21,10
21,5
0,10
21,12
30,14
46,5
0,7
0,4
25,14
21,6
21,0
21,0
0,14
0,0
21,11
0,7
46,14
10,0
21,8
21,1
0,11
26,2
12,1
21,9
21,7
42,14
26,7
0,4
21,0
21,7
17,3
21,9
21,4
0,9
0,4
21,13
0,3
21,9
21,12
21,5
21,6
70,8
21,7
21,2
21,14
21,6
0,4
17,14
70,1
21,8
21,1
21,9
21,5
21,10
69,4
21,2
60,4
35,14
45,10
25,8
17,1
45,8
70,14
0,2
71,6
21,9
53,9
17,3
0,5
21,3
21,9
19,9
45,12
46,6
0,8
70,13
34,6
9,9
70,14
47,3
61,4
21,12
24,2
7,3
36,13
0,5
17,14
15,8
21,1
0,7
21,2
0,4
0,8
17,8
26,8
17,7
24,11
34,7
70,10
12,5
70,12
34,2
34,2
34,5
9,3
70,6
24,11
21,9
70,12
58,11
52,10
10,1
17,13
12,1
21,10
21,8
15,9
0,2
17,13
34,2
21,2
21,9
24,9
24,0
3,13
66,10
21,7
41,6
26,7
21,8
35,11
34,7
34,10
70,10
17,14
19,6
35,6
9,11
34,2
61,1
70,11
45,8
21,8
0,13
9,3
0,8
0,1
60,1
17,2
17,10
15,5
70,14
2,3
61,14
0,9
21,12
21,6
0,6
21,10
0,8
21,8
0,1
0,0
21,13
21,0
21,3
45,6
21,13
70,4
70,0
21,11
61,1
34,6
70,8
21,13
21,12
0,13
2,14
21,13
0,9
21,4
0,14
21,2
21,2
12,5
21,4
21,14
0,4
21,14
21,14
0,12
0,12
21,2
23,10
21,2
21,12
0,1
21,13
21,12
21,2
0,10
34,7
21,0
46,11
21,13
45,2
66,9
73,14
45,14
21,7
21,13
21,7
21,8
21,7
26,14
21,14
21,4
6,10
0,5
50,0
25,1
21,4
21,6
21,9
21,6
21,0
29,8
21,12
36,14
34,9
34,13
24,7
21,5
17,8
21,12
0,6
0,5
0,6
0,14
0,7
0,10
35,4
21,10
21,0
0,13
0,14
21,4
0,13
0,10
26,6
21,13
0,10
21,14
46,11
21,3
21,11
0,1
21,2
0,8
12,13
34,10
17,0
17,6
0,4
21,8
21,5
13,2
69,6
69,3
9,2
17,6
43,13
21,2
21,0
21,2
69,7
0,12
0,1
24,11
0,6
0,5
0,4
21,6
0,13
0,5
17,2
0,5
12,2
12,7
21,3
21,8
21,4
59,1
24,14
21,11
21,0
21,8
21,6
0,0
0,5
21,3
17,1
21,2
21,13
21,8
21,5
21,14
21,12
21,6
0,2
21,11
21,12
17,2
0,1
0,11
21,1
0,9
21,8
21,1
21,6
0,13
0,10
21,1
0,2
21,4
0,5
17,13
0,8
21,2
21,8
21,7
50,1
21,4
21,11
0,1
21,4
21,8
21,4
12,12
0,13
21,6
21,9
0,11
0,13
21,0
0,2
21,13
12,0
17,12
70,9
21,12
21,14
0,0
21,6
26,2
0,9
21,2
45,0
21,14
0,6
21,13
61,9
0,1
0,8
4,13
21,0
45,13
21,8
21,12
21,9
21,10
19,0
35,13
45,9
45,13
45,10
21,2
19,10
19,13
70,14
21,9
8,7
45,12
17,0
70,10
21,11
17,5
70,7
60,5
26,6
45,6
17,12
45,2
70,4
21,1
21,11
17,5
21,10
21,8
26,8
21,6
0,8
21,14
0,12
0,4
21,12
19,14
17,2
70,12
0,12
45,1
17,7
21,7
70,12
46,5
70,8
60,12
45,2
21,2
21,3
21,14
66,4
26,4
19,3
45,3
21,7
35,13
70,8
70,2
19,10
21,5
0,8
70,13
21,5
38,5
45,14
35,1
17,8
34,12
45,13
17,12
70,1
34,8
45,12
21,12
38,4
66,8
66,6
0,14
26,3
61,0
0,2
0,12
0,13
70,9
15,14
61,1
70,10
21,14
41,9
59,0
21,2
0,4
42,11
59,13
21,2
21,4
0,6
45,5
0,14
55,8
19,7
21,14
0,6
19,13
21,6
34,8
21,1
70,11
15,1
45,5
17,0
0,0
21,12
21,1
21,7
0,8
19,2
21,5
21,3
26,0
21,7
21,2
21,5
42,1
21,2
15,9
70,2
0,8
17,5
9,1
21,13
17,8
0,12
25,1
0,8
2,7
45,12
21,4
17,6
21,6
21,11
0,0
21,5
0,5
0,1
0,14
21,14
21,10
21,12
21,4
21,14
21,1
21,7
0,3
45,0
21,13
21,9
3,0
4,2
34,11
21,14
21,11
21,1
17,14
21,11
17,5
0,0
17,9
0,4
0,14
21,0
58,4
21,3
0,5
17,7
0,14
21,4
60,14
45,10
21,2
0,11
52,2
6,4
0,5
0,14
0,10
17,2
25,14
21,10
21,6
21,7
21,4
21,5
21,8
21,2
21,9
21,13
21,7
1,12
0,10
21,8
0,12
17,7
34,6
38,4
21,0
21,3
21,3
26,0
21,0
21,8
21,0
3,11
21,4
9,0
21,9
0,13
21,0
0,3
70,10
21,14
17,9
21,9
0,10
0,9
0,5
45,12
21,4
21,11
21,2
0,0
69,3
21,7
70,9
21,11
12,6
26,1
0,3
0,10
21,9
0,11
25,3
38,6
9,7
34,10
21,4
17,9
58,14
6,14
0,5
17,7
21,14
21,10
21,10
3,8
21,7
17,8
21,4
0,5
0,1
21,11
0,3
6,14
21,7
21,11
70,10
12,1
45,4
21,13
21,1
0,4
21,3
34,5
21,12
12,8
21,4
0,14
21,11
0,1
21,1
21,11
34,0
21,13
45,2
34,5
0,7
34,10
36,5
70,3
26,14
0,5
26,3
19,2
0,0
0,2
21,7
45,9
21,4
17,10
53,9
0,2
21,10
0,14
17,0
0,3
21,0
0,8
21,2
0,1
0,7
21,13
21,11
70,13
21,0
19,12
45,7
21,3
12,1
0,11
4,12
19,0
0,4
17,0
21,3
0,10
0,3
66,13
21,9
21,14
21,5
0,14
70,9
47,3
19,1
69,5
0,13
0,0
0,4
0,14
21,9
12,1
12,10
26,12
21,10
0,12
47,1
21,7
0,12
21,9
25,5
46,8
0,13
0,2
21,5
0,7
21,10
21,6
21,8
21,14
19,1
19,10
66,5
21,9
19,4
19,8
34,12
45,7
45,13
58,6
45,4
70,6
34,12
34,1
21,12
21,12
3,12
36,13
0,0
45,6
45,3
0,3
9,9
17,0
0,8
21,0
21,5
21,10
21,7
19,10
66,12
34,6
15,4
19,4
45,8
70,3
0,8
21,13
21,0
46,14
17,5
21,14
21,10
70,0
21,14
21,4
25,2
21,9
67,3
70,6
10,2
24,5
50,11
46,9
21,0
44,7
21,11
60,6
53,10
36,3
21,1
66,10
17,14
1,12
0,12
19,14
19,2
34,3
45,11
45,2
21,9
45,14
19,14
19,7
21,1
21,5
0,0
21,14
21,6
0,6
21,6
21,14
21,8
0,13
70,5
21,0
21,0
0,5
0,2
70,4
21,2
0,13
17,3
21,8
0,0
0,11
34,6
21,14
34,8
21,11
0,0
9,8
21,0
21,0
21,6
21,4
21,4
21,6
21,5
21,10
0,12
21,3
17,4
21,12
19,12
0,2
21,5
0,7
21,1
0,8
15,11
42,10
17,9
15,7
19,4
0,12
45,14
21,14
17,4
21,2
0,2
66,10
66,13
21,10
70,1
21,2
21,14
21,5
61,13
70,13
21,13
0,2
0,8
1,1
51,8
21,5
21,2
0,10
21,4
21,3
21,8
56,8
21,5
0,3
21,0
12,1
0,2
54,7
21,3
61,1
66,14
21,12
21,3
61,10
0,10
34,4
61,3
0,1
21,14
0,13
21,4
21,12
58,11
21,8
21,13
21,13
66,1
19,8
21,2
1,9
0,10
0,5
21,2
21,6
21,3
21,8
0,6
0,9
66,2
0,2
66,3
21,12
46,5
46,4
21,3
21,5
26,12
21,12
0,6
0,6
0,12
21,12
21,6
70,4
21,0
34,3
21,12
0,11
21,2
21,4
21,12
21,11
21,3
34,1
0,7
0,14
15,11
0,5
0,14
17,11
21,2
21,9
52,8
21,9
0,3
21,8
17,11
17,14
6,1
25,12
0,6
21,7
21,10
0,4
12,14
0,0
61,13
21,9
21,2
21,14
61,10
21,8
21,1
0,8
21,14
25,4
21,8
21,4
70,2
0,11
45,7
0,8
46,0
21,6
21,3
21,2
0,5
0,3
21,2
70,9
21,12
17,13
12,13
21,4
0,2
17,1
34,1
21,5
21,6
70,0
45,1
45,3
0,11
0,7
21,14
0,14
21,7
21,9
38,1
71,6
21,14
36,6
21,12
0,6
21,5
6,8
21,0
0,9
21,5
21,14
0,14
21,7
0,4
21,4
37,2
21,12
21,11
21,8
21,12
21,13
0,7
17,13
30,3
21,4
21,9
21,3
36,13
0,7
21,12
21,0
0,10
0,4
70,14
70,13
61,8
21,0
21,1
0,10
0,14
21,5
21,13
21,7
21,4
17,10
31,2
50,1
21,1
0,5
21,1
0,12
70,0
0,1
17,1
0,6
0,3
0,2
17,7
0,0
21,12
0,1
0,9
21,3
17,7
21,3
9,8
34,13
70,1
0,10
12,11
0,7
21,12
17,3
34,6
0,4
21,9
21,11
9,5
45,8
21,9
45,10
45,10
61,8
70,5
45,7
45,4
12,0
46,7
34,7
70,3
26,6
21,2
21,8
21,0
70,1
17,1
41,1
45,12
21,12
45,5
21,10
3,8
34,7
0,2
0,1
21,10
34,1
21,0
0,0
1,11
41,8
21,13
0,1
21,13
45,10
66,5
3,8
70,3
3,4
38,5
46,0
45,2
4,10
0,2
44,2
21,12
21,4
21,6
70,1
45,14
70,7
3,9
24,7
9,8
3,0
21,3
26,4
26,2
70,4
0,13
0,14
45,0
26,6
19,8
3,0
58,4
45,7
26,8
70,7
45,12
25,8
21,13
17,4
21,8
38,3
21,13
0,4
21,7
21,7
38,3
0,5
21,4
3,3
21,5
0,3
3,8
58,4
0,6
15,0
21,4
21,11
15,1
21,10
0,4
38,13
3,1
21,1
21,4
21,0
34,1
0,0
70,10
3,10
17,7
0,0
0,5
45,11
45,12
25,5
34,13
45,0
0,4
21,0
21,8
21,3
19,9
45,14
2,9
25,4
0,6
21,1
21,7
19,14
0,6
21,3
21,5
21,2
17,14
45,2
21,12
0,1
1,0
0,8
21,8
21,1
38,0
46,3
21,14
21,1
6,6
21,14
58,8
61,2
26,12
21,10
70,10
23,14
0,14
21,9
23,12
0,2
50,10
0,9
45,11
0,13
0,4
21,2
0,4
0,9
21,11
71,1
21,14
21,1
21,10
21,14
21,6
66,3
0,12
34,9
19,10
0,7
21,6
21,8
6,13
0,2
45,8
21,12
45,6
2,3
21,1
21,6
21,12
21,11
21,9
21,8
21,11
0,7
34,9
21,11
59,0
45,7
0,2
0,6
0,7
21,7
21,3
71,11
0,5
21,1
34,2
12,3
34,8
21,3
21,8
21,9
21,12
